Product_Name,price,Rating
Oceanic - Cuisinière électrique - four convection naturelle avec grilloir et avec thermostat,241,Score global : 4 étoiles sur 5
OCEANIC Cuisinière vitrocéramique 50 x50 - four convection naturelle - four 48L - blanc,279,Score global : 4 étoiles sur 5
OCEANIC - OCEACE5060W2 - Cuisinière électrique - four convection naturelle avec grilloir et thermostat,231,Score global : 4 étoiles sur 5
Cuisinière pose libre BEKO FSS57100GAC - 4 foyers vitrocéramiques - Four convection - 65 L - L 50 x H 85 cm - Gris anthracite,394,Score global : 4 étoiles sur 5
"Brûleurs à gaz, Table de Cuisson en Acier Inoxydable, Brûleurs scellés Faciles à Nettoyer, Cuisinière en 4 Brûleurs",162,"Score global : 4,5 étoiles sur 5"
Cuisinière table induction BRANDT - BCI6658T - 3 zones - Four électrique - Pyrolyse - 57 L - A - L 60 x H 85 cm - Silver,579,"Score global : 4,5 étoiles sur 5"
BEKO - FSS53000DW - Cuisinière 50 cm -  3 Gaz + 1 Electrique - 60 L - Convection naturelle - Blanc,269,Score global : 4 étoiles sur 5
Cuisinière induction CONTINENTAL EDISON CECI3FCB - 4 feux - L50XH85XP60cm - Noir,379,"Score global : 4,5 étoiles sur 5"
Cuisinière Vitrocéramique WHIRLPOOL- AXMT6534/IX - 4 foyers - 6400W -Four Chaleur Pulsée Pyrolyse - 57L - A - 60x60cm -Inox,498,"Score global : 3,5 étoiles sur 5"
"INDESIT IS5V4PHW/E - Cuisinière, Blanc, Table Vitrocéramique, 50cm, 4 zones de cuisson, Manettes, Four CN, Hydrolyse, 61L",349,"Score global : 4,5 étoiles sur 5"
"Cuisinière vitrocéramique CONTINENTAL EDISON CECV60FCB - 4 feux - L58,8 xP61 xH83 cm - Noir",369,"Score global : 4,5 étoiles sur 5"
"Cuisinière gaz OCEANIC OCEACG50GW - 4 feux - L49,8 xP61 xH 86 cm - Blanc",202,"Score global : 4,5 étoiles sur 5"
LA GERMANIA SM61DFN Cuisinière 2 Fours Noire,459,"Score global : 3,5 étoiles sur 5"
INDESIT-I6E6C1AE(W)/FR - Cuisinière Electrique - 4 Zones - 7000W - Four Multifonctions Catalyse - 59L - A - 60x60cm -Blanc,379,Score global : 4 étoiles sur 5
BEKO - FSS57100GW - Cuisinière 50 cm - 4 Vitrocéramiques - Four Convection - 60L - Blanc,295,Score global : 4 étoiles sur 5
"Cuisinière gaz OCEANIC OCEACG50GB - 4 feux - L49,8 xP61 xH 86 cm - Noir",199,"Score global : 3,5 étoiles sur 5"
"Cuisinière mixte CONTINENTAL EDISON CECM60FCW - 3 feux gaz + 1 électrique - L59,8 x P61 xH83 cm - Blanc",259,"Score global : 4,5 étoiles sur 5"
CONTINENTAL EDISON Cuisinière piano four multifonctions catalyse 95L affichage digital L90 xH 85 cm  INOX,549,Score global : 4 étoiles sur 5
Cuisinière induction CONTINENTAL EDISON CECI3FCS - 4 feux - L50XH85XP60cm - Silver,459,Score global : 3 étoiles sur 5
Beko FSG52000DWC Cuisinière pose libre largeur : 50 cm profondeur : 60 cm hauteur : 85 cm avec système auto-nettoyant blanc,257,"Score global : 4,5 étoiles sur 5"
CONTINENTAL EDISON Cuisinière piano four multifonctions catalyse 95L affichage digital L90 xH85 cm  NOIR MAT ET INOX,499,Score global : 4 étoiles sur 5
Cuisinière BEKO FSG62010FW - 60 cm - 4 Gaz - 73L - Sécurité thermocouple - Blanc,273,Score global : 4 étoiles sur 5
"FAURE FCM656HPSA cuisinière table mixte gaz / électrique - 4 foyers - Four électrique - Pyrolyse - 54 L - A - L 60 x H 88,9 cm",587,"Score global : 4,5 étoiles sur 5"
Cuisinière gaz CONTINENTAL EDISON CECDF5060B3 -  4 feux - noir - L50 xP60 x H90 cm,369,Score global : 4 étoiles sur 5
FAURE FCV6530CSA - Cuisinière table vitrocéramique-4 zones-8485W-Four électrique-Catalyse-56L-A-Silver,540,"Score global : 4,5 étoiles sur 5"
Cuisinière gaz CONTINENTAL EDISON CEDF5060IX3 -  4 feux - inox - L50 xP60 x H90 cm,329,Score global : 5 étoiles sur 5
Piano de cuisson électrique BEKO - 6 gaz + 1 wok - 100 cm - PF335325DX - Inox,891,"Score global : 4,5 étoiles sur 5"
Piano de cuisson électrique BEKO - 6 gaz + 1 wok - 100 cm - PF335325DB,999,"Score global : 3,5 étoiles sur 5"
Cuisinière piano gaz 3 fours électriques CONTINENTAL EDISON CECP903FIX 5 feux - Inox - Largeur 90 cm,769,Score global : 4 étoiles sur 5
"Cuisinière vitrocéramique CONTINENTAL EDISON CECV60FCS - 4 feux - L58,8 xP61 xH83 cm - Silver",369,"Score global : 4,5 étoiles sur 5"
Cuisinière LA GERMANIA - sel9mx - 5 feux gaz - four électrique - multifonction - Inox,489,"Score global : 4,5 étoiles sur 5"
Cuisinière LA GERMANIA - sel9mn - 5 feux gaz - four électrique - multifonction - Noire,499,
SHOT CASE - BRANDT BCI6658T Cuisiniere table induction - 3 zones - Four électrique - Pyrolyse - 57 L - A - L 60 x H 85 cm - Silver,1000,
"Table 2 plaques électriques, monophasé, 60/30 PCE, Gastro M",692,
Cuisinière LA GERMANIA - sel9mrv - 5 feux gaz - four électrique – multifonction - Vino,499,
SCHNEIDER - SCG71MFB - Piano de cuisson - 7 feux Gaz - Wok - Largeur 100cm - 3 Fours électrique - Noir,1699,
SCHNEIDER - SCG71MFXP - Piano de cuisson - 7 feux Gaz - Wok - Largeur 100cm - 3 Fours électrique - Inox,1699,
SCHNEIDER - SCG71MFWR - Piano de cuisson - 7 feux Gaz - Wok - Largeur 100cm - 3 Fours électrique - Rouge bordeaux,1699,
Cuisinière induction CONTINENTAL EDISON CECI3FCW - 4 feux - L50XH85XP60cm - Blanc,429,
Cuisinière gaz CONTINENTAL EDISON CEDF6060IX1 -  4 feux - inox - L60 xP60 x H90 cm,359,
Bosch - cuisinière électrique 66l 4 feux blanc - hkr39i120,648,
Cuisinière - BEKO - FSE58301BC -  50cm - 3 Inductions -  Multifonction - 6 Fonctions  dont Chaleur brassée -  60 L - Catalyse,519,
CUISINIÈRE E-COOKER 90 X 60 CM INOX - FOUR ÉLECTRIQUE MULTIFONCTION CAT GLEM - GE960CBIX2,837,
Kaiser Herd Set EG 6374 w four à encastrer + KG 9357 table de cuisson à gaz,1403,
"Plaque Coup de feu - 4 plaques électriques - P700 - 10,4 kW - Baron -  -  x700xmm 700",2895,
Kaiser HC 93691 IR Cuisinière à induction XXL Cuisinière électrique 90 cm à induction 115L ,2999,
"Brûleurs à gaz, Table de Cuisson en Acier Inoxydable, Brûleurs scellés Faciles à Nettoyer, Cuisinière en 4 Brûleurs",162,
Kaiser Cuisinière Set EG 6374 w four à encastrer + KG 6357 table de cuisson à gaz,1377,
