Location Name:,Address:,PIN_CODE,Contact_Number:
Karol Bagh,"3384, Deshbandhu Gupta Road, Adjoining Hotel Gold Palace, Karol Bagh.Delhi-110005.",110005,011 4226 2288
Patel Nagar,"W8, West Patel Nagar, Near Shaadipur Metro Station. Opp. Metro Pillar No.232. Patel Nagar.Delhi-110008.",110008,011 4226 2288
Pitampura,"Hd/2, Block Hd, Pitampura Residential Scheme, Opp. Metro Pillar No.360, Pitam Pura. Delhi110088.",,011 4226 2288
Lajpat Nagar,"K-25/Ii, Central Market, Near 3C Cinema. Lajpat Nagar Ii. Delhi-110024.",110024,011 4226 2288
Janakpuri,"B-1/7, Plot No.7 , Block No. B-1, Near Anar Leela Hospital, Opp. Metro Pillar No.547, Janakpuri (East). Delhi-110058.",110058,011 4226 2288
Preet Vihar,"A-18 Swasthya Vihar, Near Preet Vihar Metro Station, Opp. Metro Pillar No.83, Vikas Marg. Delhi-110 092.",110,011 4226 2288
Model Town,"H-2, Ring Road, Next To Icici Bank, Opp. Metro Pillar No. 41, Model Town Iii. Delhi-110009.",110009,011 4226 2288
Dwarka,"E 117, Palam Extension, Sector-7, Dwarka. Delhi-110075.",110075,011 4226 2288
Paschim Vihar,"13 Bhera Enclave, Main Outer Ring Road, Near Peera Garhi Chowk, Paschim Vihar.New Delhi-110087.",110087,011 4226 2288
Uttam Nagar,"Plot No.12, Shop No. 24-26, Main Najafgarh Road, Uttam Nagar. New Delhi-110059.",110059,011 4226 2288
Rajouri Garden,"Block No.C1/12, Opp. Gurudwara End Mercedes Benz Showroom, Rajouri Garden. Delhi-110027.",110027,011 4226 2288
Kalkaji,"M-62, M Block, Near Axis Bank, Guru Ravidas Marg, Kalkaji, New Delhi-110019.",110019,011 4226 2288
Rohini,"Plot No. 6 & 7, Pocket F19, Sector 8, Rohini, New Delhi-110085.",110085,011 4226 2288
Shahdara,"485, A1, A2 Gt Road, Dilshad Garden. Landmark : Near Raghuvansi Motor. Shadhara. New Delhi-110 095.",110,011 4226 2288
Saket,"J-287, Saket Rd, Block J, Saket, New Delhi, Delhi-110017.",110017,011 4226 2288
Defence Enclave,"Basement, Ground, 1St& 2Nd Floor, Plot No 6, Block A, Defence Enclave, Uttam Nagar, Delhi-110059.",110059,011 4226 2288
Daryaganj,"16B/4, Asaf Ali Road, Dariyaganj, Opp. Lnjp Hosp, Near Delhi Gate No.3 Metro Station, New Delhi-110002.",110002,011 4226 2288
Hauz Khas,"M-1, Sri Aurobindo Marg, Block M, Near Delhi Mri Scan, Kharera, Hauz Khas, New Delhi. Delhi-110016.",110016,011 4226 2288
Najafgarh,"1506/21/4, Solange Complex. Maksudabad, Health Center Road, Near Krishna Mandir, Najafgarh, Delhi-110043.",110043,011 4226 2288
Narela,"Near Mahindra Showroom, H.No. 02, Gali No. 02, Main, Safiabad Road, Opposite Delhi Jal Board. Narela. Delhi-110040.",110040,011 4226 2288
Nangloi,"Plot No. A-1, Naresh Park Ext. Opp. Margshree School, Najafgarh Road. Nangloi, Delhi-110041.",110041,011 4226 2288
